[
    {
        "room": "Living Room",
        "furniture": [
            {
                "type": "Furniture",
                "subtypes": [
                    {
                        "id": 1,
                        "name": "Table 300",
                        "quantity": 0,
                        "price": 300
                    },
                    {
                        "id": 2,
                        "name": "Centre Table 300",
                        "quantity": 0,
                        "price": 300
                    },
                    {
                        "id": 3,
                        "name": "Folding Table 200",
                        "quantity": 0,
                        "price": 200
                    },
                    {
                        "id": 4,
                        "name": "Coffee Table Small 300",
                        "quantity": 0,
                        "price": 300
                    },
                    {
                        "id": 5,
                        "name": "Console Table 600",
                        "quantity": 0,
                        "price": 600
                    },
                    {
                        "id": 6,
                        "name": "Coffee Table Large 700",
                        "quantity": 0,
                        "price": 700
                    },
                    {
                        "id": 7,
                        "name": "Study /Computer Table 600",
                        "quantity": 0,
                        "price": 600
                    },
                    {
                        "id": 8,
                        "name": "Bed Side Table 300",
                        "quantity": 0,
                        "price": 300
                    }
                ]
            }
        ]
    },
    {
        "room": "Dining Room",
        "furniture": [
            {
                "type": "Dining",
                "subtypes": [
                    {
                        "id": 89,
                        "name": "Marble Top Dining Table Only - 8 Seater",
                        "quantity": 0,
                        "price": 1400
                    },
                    {
                        "id": 90,
                        "name": "Marble Top Dining Table Only - 6 Seater",
                        "quantity": 0,
                        "price": 1200
                    },
                    {
                        "id": 91,
                        "name": "Marble Top Dining Table Only - 4 Seater",
                        "quantity": 0,
                        "price": 1000
                    },
                    {
                        "id": 92,
                        "name": "Dining Chair",
                        "quantity": 0,
                        "price": 50
                    },
                    {
                        "id": 93,
                        "name": "Dining Table Only - 8 Seater",
                        "quantity": 0,
                        "price": 1000
                    },
                    {
                        "id": 94,
                        "name": "Glass Top Dining Table Only - 6 Seater",
                        "quantity": 0,
                        "price": 1200
                    },
                    {
                        "id": 95,
                        "name": "Glass Top Dining Table Only - 4 Seater",
                        "quantity": 0,
                        "price": 800
                    },
                    {
                        "id": 96,
                        "name": "Glass Top Dining Table Only - 8 Seater",
                        "quantity": 0,
                        "price": 1400
                    },
                    {
                        "id": 97,
                        "name": "Dining Table Only - 6 Seater",
                        "quantity": 0,
                        "price": 800
                    },
                    {
                        "id": 98,
                        "name": "Dining Table Only - 4 Seater",
                        "quantity": 0,
                        "price": 600
                    }
                ]
            }
        ]
    },
    {
        "room": "Bedroom",
        "furniture": [
            {
                "type": "Bed/Mattress",
                "subtypes": [
                    {
                        "id": 9,
                        "name": "Single Bed Mattress - Non Foldable",
                        "quantity": 0,
                        "price": 800
                    },
                    {
                        "id": 10,
                        "name": "Single Bed Mattress - Non Foldable",
                        "quantity": 0,
                        "price": 1200
                    },
                    {
                        "id": 11,
                        "name": "Cradle - Dismantleable",
                        "quantity": 0,
                        "price": 200
                    },
                    {
                        "id": 12,
                        "name": "Bunk Bed - Dismantleable",
                        "quantity": 0,
                        "price": 1800
                    },
                    {
                        "id": 13,
                        "name": "Single bed storage dismantlable",
                        "quantity": 0,
                        "price": 1200
                    },
                    {
                        "id": 14,
                        "name": "Single bed non storage - dismantlable",
                        "quantity": 0,
                        "price": 800
                    },
                    {
                        "id": 15,
                        "name": "Single Bed Mattress - Thick",
                        "quantity": 0,
                        "price": 800
                    },
                    {
                        "id": 16,
                        "name": "Single Bed Mattress",
                        "quantity": 0,
                        "price": 600
                    },
                    {
                        "id": 17,
                        "name": "Double Bed Mattress - Foldable",
                        "quantity": 0,
                        "price": 500
                    },
                    {
                        "id": 18,
                        "name": "Double Bed Mattress - Non Foldable",
                        "quantity": 0,
                        "price": 700
                    },
                    {
                        "id": 19,
                        "name": "Diwan cum Bed",
                        "quantity": 0,
                        "price": 900
                    },
                    {
                        "id": 20,
                        "name": "Queen Size Bed - Without Storage",
                        "quantity": 0,
                        "price": 1000
                    },
                    {
                        "id": 21,
                        "name": "King Size Bed - Without Storage",
                        "quantity": 0,
                        "price": 1200
                    },
                    {
                        "id": 22,
                        "name": "Queen Size Bed - With Storage",
                        "quantity": 0,
                        "price": 1500
                    },
                    {
                        "id": 23,
                        "name": "Single Bed - Foldable",
                        "quantity": 0,
                        "price": 400
                    },
                    {
                        "id": 24,
                        "name": "King Size Bed - With Storage",
                        "quantity": 0,
                        "price": 1200
                    },
                    {
                        "id": 25,
                        "name": "Single Bed - With Storage",
                        "quantity": 0,
                        "price": 800
                    },
                    {
                        "id": 26,
                        "name": "Single Bed - Without Storage",
                        "quantity": 0,
                        "price": 800
                    }
                ]
            }
        ]
    },
    {
        "room": "Study Room",
        "furniture": [
            {
                "type": "Chair",
                "subtypes": [
                    {
                        "id": 27,
                        "name": "Plastic Chair",
                        "quantity": 0,
                        "price": 40
                    },
                    {
                        "id": 28,
                        "name": "High Chair",
                        "quantity": 0,
                        "price": 200
                    },
                    {
                        "id": 29,
                        "name": "Bean Bag/Pouffe",
                        "quantity": 0,
                        "price": 100
                    },
                    {
                        "id": 30,
                        "name": "Study Chair",
                        "quantity": 0,
                        "price": 200
                    },
                    {
                        "id": 31,
                        "name": "Bench",
                        "quantity": 0,
                        "price": 200
                    },
                    {
                        "id": 32,
                        "name": "Rocking Chair",
                        "quantity": 0,
                        "price": 300
                    },
                    {
                        "id": 33,
                        "name": "Stool",
                        "quantity": 0,
                        "price": 50
                    },
                    {
                        "id": 34,
                        "name": "Settee",
                        "quantity": 0,
                        "price": 1200
                    },
                    {
                        "id": 35,
                        "name": "Folding Chair",
                        "quantity": 0,
                        "price": 100
                    },
                    {
                        "id": 36,
                        "name": "Arm Chair",
                        "quantity": 0,
                        "price": 300
                    },
                    {
                        "id": 37,
                        "name": "Office Chair",
                        "quantity": 0,
                        "price": 200
                    }
                ]
            },
            {
                "type": "Cabinet & Storage",
                "subtypes": [
                    {
                        "id": 38,
                        "name": "Chest of Drawers Medium",
                        "quantity": 0,
                        "price": 1200
                    },
                    {
                        "id": 39,
                        "name": "Prayer Unit/Mandir",
                        "quantity": 0,
                        "price": 1500
                    },
                    {
                        "id": 40,
                        "name": "Display Cabinet Large",
                        "quantity": 0,
                        "price": 1800
                    },
                    {
                        "id": 41,
                        "name": "Chest of Drawers Small",
                        "quantity": 0,
                        "price": 800
                    },
                    {
                        "id": 42,
                        "name": "Book Shelf Large",
                        "quantity": 0,
                        "price": 800
                    },
                    {
                        "id": 43,
                        "name": "Steel Almirah Medium",
                        "quantity": 0,
                        "price": 1200
                    },
                    {
                        "id": 44,
                        "name": "Book Shelf Small",
                        "quantity": 0,
                        "price": 600
                    },
                    {
                        "id": 45,
                        "name": "Steel Almirah Large",
                        "quantity": 0,
                        "price": 1400
                    },
                    {
                        "id": 46,
                        "name": "Trunk",
                        "quantity": 0,
                        "price": 300
                    },
                    {
                        "id": 47,
                        "name": "Chest of Drawers Large",
                        "quantity": 0,
                        "price": 1500
                    },
                    {
                        "id": 48,
                        "name": "Wall Shelf",
                        "quantity": 0,
                        "price": 300
                    },
                    {
                        "id": 49,
                        "name": "Shoe Rack",
                        "quantity": 0,
                        "price": 300
                    },
                    {
                        "id": 50,
                        "name": "Wardrobe Large Dismantlable",
                        "quantity": 0,
                        "price": 1500
                    },
                    {
                        "id": 51,
                        "name": "Wardrobe Large Non dismantlable",
                        "quantity": 0,
                        "price": 1000
                    },
                    {
                        "id": 52,
                        "name": "Wardrobe Medium Dismantlable",
                        "quantity": 0,
                        "price": 1200
                    },
                    {
                        "id": 53,
                        "name": "Wardrobe Medium Non dismantlable",
                        "quantity": 0,
                        "price": 800
                    },
                    {
                        "id": 54,
                        "name": "Safe Small",
                        "quantity": 0,
                        "price": 1200
                    },
                    {
                        "id": 55,
                        "name": "Entertainment/TV Unit",
                        "quantity": 0,
                        "price": 500
                    },
                    {
                        "id": 56,
                        "name": "Single door wardrobe",
                        "quantity": 0,
                        "price": 800
                    },
                    {
                        "id": 57,
                        "name": "Dressing Table",
                        "quantity": 0,
                        "price": 600
                    },
                    {
                        "id": 58,
                        "name": "Display Cabinet Small",
                        "quantity": 0,
                        "price": 400
                    },
                    {
                        "id": 59,
                        "name": "Book Shelf Medium",
                        "quantity": 0,
                        "price": 400
                    },
                    {
                        "id": 60,
                        "name": "TV Table",
                        "quantity": 0,
                        "price": 600
                    },
                    {
                        "id": 61,
                        "name": "Plastic Cupboard",
                        "quantity": 0,
                        "price": 600
                    },
                    {
                        "id": 62,
                        "name": "Sliding Door Wardrobe",
                        "quantity": 0,
                        "price": 1200
                    },
                    {
                        "id": 63,
                        "name": "Shoe Rack Metal",
                        "quantity": 0,
                        "price": 300
                    },
                    {
                        "id": 64,
                        "name": "Shoe Rack Wooden",
                        "quantity": 0,
                        "price": 300
                    },
                    {
                        "id": 65,
                        "name": "Triple Door Wardrobe",
                        "quantity": 0,
                        "price": 1800
                    },
                    {
                        "id": 66,
                        "name": "Double Door Wardrobe",
                        "quantity": 0,
                        "price": 1200
                    },
                    {
                        "id": 67,
                        "name": "Single Door Wardrobe",
                        "quantity": 0,
                        "price": 800
                    }
                ]
            }
        ]
    },
    {
        "room": "Living Room",
        "furniture": [
            {
                "type": "Sofa",
                "subtypes": [
                    {
                        "id": 99,
                        "name": "3 Seater Sofa - L Shape",
                        "quantity": 0,
                        "price": 1600
                    },
                    {
                        "id": 100,
                        "name": "4 Seater Sofa",
                        "quantity": 0,
                        "price": 1400
                    },
                    {
                        "id": 101,
                        "name": "3 Seater Sofa",
                        "quantity": 0,
                        "price": 1200
                    },
                    {
                        "id": 102,
                        "name": "2 Seater Sofa",
                        "quantity": 0,
                        "price": 800
                    },
                    {
                        "id": 103,
                        "name": "1 Seater Sofa",
                        "quantity": 0,
                        "price": 400
                    },
                    {
                        "id": 104,
                        "name": "Recliner Sofa 1-seater",
                        "quantity": 0,
                        "price": 1400
                    },
                    {
                        "id": 105,
                        "name": "Recliner Sofa 2-seater",
                        "quantity": 0,
                        "price": 1600
                    },
                    {
                        "id": 106,
                        "name": "Recliner Sofa 3-seater",
                        "quantity": 0,
                        "price": 1800
                    },
                    {
                        "id": 107,
                        "name": "5 Seater Sofa - L Shape",
                        "quantity": 0,
                        "price": 2000
                    },
                    {
                        "id": 108,
                        "name": "1 Seater Sofa - Leather",
                        "quantity": 0,
                        "price": 600
                    },
                    {
                        "id": 109,
                        "name": "7 Seater Sofa - L Shape",
                        "quantity": 0,
                        "price": 2200
                    },
                    {
                        "id": 110,
                        "name": "3 Seater Sofa - Leather",
                        "quantity": 0,
                        "price": 1200
                    },
                    {
                        "id": 111,
                        "name": "2 Seater Sofa - Leather",
                        "quantity": 0,
                        "price": 800
                    },
                    {
                        "id": 112,
                        "name": "Sofa cum Bed",
                        "quantity": 0,
                        "price": 1200
                    }
                ]
            }
        ]
    },
    {
        "room": "Bar",
        "furniture": [
            {
                "type": "Bar Furniture",
                "subtypes": [
                    {
                        "id": 113,
                        "name": "Bar Cabinet Large",
                        "quantity": 0,
                        "price": 1600
                    },
                    {
                        "id": 114,
                        "name": "Bar Cabinet",
                        "quantity": 0,
                        "price": 1200
                    },
                    {
                        "id": 115,
                        "name": "Bar Unit",
                        "quantity": 0,
                        "price": 1200
                    },
                    {
                        "id": 116,
                        "name": "Bar Trolley",
                        "quantity": 0,
                        "price": 300
                    },
                    {
                        "id": 117,
                        "name": "Bar Chair / Stool",
                        "quantity": 0,
                        "price": 600
                    },
                    {
                        "id": 118,
                        "name": "Wine Rack",
                        "quantity": 0,
                        "price": 600
                    }
                ]
            }
        ]
    },
    {
        "room": "Utility Room",
        "furniture": [
            {
                "type": "General Appliance",
                "subtypes": [
                    {
                        "id": 120,
                        "name": "Garment Steamer",
                        "quantity": 0,
                        "price": 50
                    },
                    {
                        "id": 121,
                        "name": "Speaker",
                        "quantity": 0,
                        "price": 50
                    },
                    {
                        "id": 122,
                        "name": "Vacuum Cleaner",
                        "quantity": 0,
                        "price": 200
                    },
                    {
                        "id": 123,
                        "name": "Instant Geyser",
                        "quantity": 0,
                        "price": 100
                    },
                    {
                        "id": 124,
                        "name": "Music/Video System",
                        "quantity": 0,
                        "price": 200
                    },
                    {
                        "id": 125,
                        "name": "Sewing Machine",
                        "quantity": 0,
                        "price": 200
                    },
                    {
                        "id": 126,
                        "name": "Air Cooler",
                        "quantity": 0,
                        "price": 200
                    },
                    {
                        "id": 127,
                        "name": "Air Purifier",
                        "quantity": 0,
                        "price": 200
                    },
                    {
                        "id": 128,
                        "name": "Ceiling/Table Fan",
                        "quantity": 0,
                        "price": 100
                    },
                    {
                        "id": 129,
                        "name": "Pedestal / Wall Fan",
                        "quantity": 0,
                        "price": 100
                    },
                    {
                        "id": 130,
                        "name": "Voltage Stabilizer",
                        "quantity": 0,
                        "price": 50
                    },
                    {
                        "id": 131,
                        "name": "Radiator Heater",
                        "quantity": 0,
                        "price": 50
                    },
                    {
                        "id": 132,
                        "name": "UPS",
                        "quantity": 0,
                        "price": 50
                    },
                    {
                        "id": 133,
                        "name": "Inverter - With Battery",
                        "quantity": 0,
                        "price": 100
                    },
                    {
                        "id": 134,
                        "name": "DTH",
                        "quantity": 0,
                        "price": 100
                    },
                    {
                        "id": 135,
                        "name": "Computer System",
                        "quantity": 0,
                        "price": 200
                    },
                    {
                        "id": 136,
                        "name": "Laptop",
                        "quantity": 0,
                        "price": 100
                    },
                    {
                        "id": 137,
                        "name": "Printer",
                        "quantity": 0,
                        "price": 100
                    },
                    {
                        "id": 138,
                        "name": "CPU",
                        "quantity": 0,
                        "price": 100
                    }
                ]
            }
        ]
    },
    {
        "room": "Garage",
        "furniture": [
            {
                "type": "Vehicle",
                "subtypes": [
                    {
                        "id": 139,
                        "name": "Premium Hatchback Car",
                        "quantity": 0,
                        "price": 0
                    },
                    {
                        "id": 140,
                        "name": "SUV Car",
                        "quantity": 0,
                        "price": 0
                    },
                    {
                        "id": 141,
                        "name": "Premium Sedan Car",
                        "quantity": 0,
                        "price": 0
                    },
                    {
                        "id": 142,
                        "name": "Hatchback Car",
                        "quantity": 0,
                        "price": 0
                    },
                    {
                        "id": 143,
                        "name": "Sedan Car",
                        "quantity": 0,
                        "price": 0
                    },
                    {
                        "id": 144,
                        "name": "Luxury Car",
                        "quantity": 0,
                        "price": 0
                    },
                    {
                        "id": 145,
                        "name": "Bike 3500",
                        "quantity": 0,
                        "price": 3500
                    },
                    {
                        "id": 146,
                        "name": "Bike - up to 200 cc 3500",
                        "quantity": 0,
                        "price": 3500
                    },
                    {
                        "id": 147,
                        "name": "Luxury Bike 6000",
                        "quantity": 0,
                        "price": 6000
                    },
                    {
                        "id": 148,
                        "name": "Scooty / Scooter 2500",
                        "quantity": 0,
                        "price": 2500
                    }
                ]
            },
            {
                "type": "Kids Vehicle",
                "subtypes": [
                    {
                        "id": 149,
                        "name": "Kids Three Wheeler",
                        "quantity": 0,
                        "price": 100
                    },
                    {
                        "id": 150,
                        "name": "Kids Four Wheeler",
                        "quantity": 0,
                        "price": 100
                    },
                    {
                        "id": 151,
                        "name": "Bicycle Adult",
                        "quantity": 0,
                        "price": 200
                    },
                    {
                        "id": 152,
                        "name": "Bicycle Kids",
                        "quantity": 0,
                        "price": 100
                    }
                ]
            },
            {
                "type": "Gym Equipment",
                "subtypes": [
                    {
                        "id": 153,
                        "name": "Tread Mill Foldable",
                        "quantity": 0,
                        "price": 1200
                    },
                    {
                        "id": 154,
                        "name": "Exercise Cycle",
                        "quantity": 0,
                        "price": 1000
                    },
                    {
                        "id": 155,
                        "name": "Weight/Dumbbell",
                        "quantity": 0,
                        "price": 300
                    }
                ]
            },
            {
                "type": "Musical Instruments",
                "subtypes": [
                    {
                        "id": 157,
                        "name": "Guitar",
                        "quantity": 0,
                        "price": 200
                    },
                    {
                        "id": 158,
                        "name": "Synthesizer",
                        "quantity": 0,
                        "price": 300
                    },
                    {
                        "id": 159,
                        "name": "Drum Set - 5 piece",
                        "quantity": 0,
                        "price": 500
                    },
                    {
                        "id": 160,
                        "name": "Harmonium",
                        "quantity": 0,
                        "price": 100
                    },
                    {
                        "id": 161,
                        "name": "Tabla",
                        "quantity": 0,
                        "price": 100
                    },
                    {
                        "id": 162,
                        "name": "Electronic Keyboard",
                        "quantity": 0,
                        "price": 200
                    },
                    {
                        "id": 164,
                        "name": "Grand Piano",
                        "quantity": 0,
                        "price": 1200
                    },
                    {
                        "id": 165,
                        "name": "Piano",
                        "quantity": 0,
                        "price": 1200
                    }
                ]
            },
            {
                "type": "Flower Pots",
                "subtypes": [
                    {
                        "id": 166,
                        "name": "Big pots",
                        "quantity": 0,
                        "price": 50
                    },
                    {
                        "id": 167,
                        "name": "Small pots",
                        "quantity": 0,
                        "price": 50
                    }
                ]
            },
            {
                "type": "Swing",
                "subtypes": [
                    {
                        "id": 168,
                        "name": "Swing",
                        "quantity": 0,
                        "price": 800
                    }
                ]
            },
            {
                "type": "Lamp & Lighting",
                "subtypes": [
                    {
                        "id": 169,
                        "name": "Wall/Ceiling Light",
                        "quantity": 0,
                        "price": 50
                    },
                    {
                        "id": 170,
                        "name": "Floor/table lamp",
                        "quantity": 0,
                        "price": 50
                    },
                    {
                        "id": 171,
                        "name": "Wall/Ceiling Light",
                        "quantity": 0,
                        "price": 50
                    }
                ]
            },
            {
                "type": "AC",
                "subtypes": [
                    {
                        "id": 172,
                        "name": "AC installation and uninstallation",
                        "quantity": 0,
                        "price": 1800
                    },
                    {
                        "id": 173,
                        "name": "Fan",
                        "quantity": 0,
                        "price": 50
                    }
                ]
            },
            {
                "type": "Cotton Box",
                "subtypes": [
                    {
                        "id": 174,
                        "name": "No of cotton box",
                        "quantity": 0,
                        "price": 60
                    }
                ]
            },
            {
                "type": "Refrigerator",
                "subtypes": [
                    {
                        "id": 175,
                        "name": "Side by side Refrigerator",
                        "quantity": 0,
                        "price": 1400
                    },
                    {
                        "id": 176,
                        "name": "Single door refrigerator",
                        "quantity": 0,
                        "price": 700
                    },
                    {
                        "id": 177,
                        "name": "Top Freezer",
                        "quantity": 0,
                        "price": 900
                    },
                    {
                        "id": 178,
                        "name": "Mini fridges",
                        "quantity": 0,
                        "price": 500
                    }
                ]
            }
        ]
    }
]